Symbol,Name,Last,Change,%Chg,High,Low,Volume,Time
A,"Agilent Technologies",148.31,2.01,+1.37%,149.74,146.35,1227400,2022-11-11
AAL,"American Airlines Gp",14.88,-0.05,-0.33%,15.07,14.72,24133900,2022-11-11
AAP,"Advance Auto Parts Inc",186.39,2.86,+1.56%,187.58,180.4,765200,2022-11-11
AAPL,"Apple Inc",149.7,2.83,+1.93%,150.01,144.37,93979594,2022-11-11
ABBV,"Abbvie Inc",150.16,0.44,+0.29%,150.52,145.745,6786400,2022-11-11
ABC,"Amerisourcebergen Corp",153.01,-1.99,-1.28%,155.85,147.1,2944500,2022-11-11
ABMD,"Abiomed Inc",373.99,1.21,+0.32%,374.87,373.09,1665200,2022-11-11
ABT,"Abbott Laboratories",104.09,-0.14,-0.13%,105.91,103.93,7106800,2022-11-11
ACGL,"Arch Capital Grp Ltd",56.77,-1.63,-2.79%,59.14,56.42,3240200,2022-11-11
ACN,"Accenture Plc",290.09,3.07,+1.07%,291.7351,280.625,2620500,2022-11-11
ADBE,"Adobe Systems Inc",341.15,11.2,+3.39%,342.31,329.49,4110000,2022-11-11
ADI,"Analog Devices",164.06,3.69,+2.30%,164.89,159.31,3211400,2022-11-11
ADM,"Archer Daniels Midland",93.07,-1.21,-1.28%,95.22,91.74,2537800,2022-11-11
ADP,"Automatic Data Procs",249.23,-5.65,-2.22%,255.96,247.43,2126700,2022-11-11
ADSK,"Autodesk Inc",228.8,5.84,+2.62%,232.44,221.4,1870000,2022-11-11
AEE,"Ameren Corp",83.32,-1.98,-2.32%,85.41,82.78,1479200,2022-11-11
AEP,"American Electric Power Company",89.98,-1.82,-1.98%,91.93,89.15,3966700,2022-11-11
AES,"The Aes Corp",28.08,-0.14,-0.50%,28.57,27.93,4518400,2022-11-11
AFL,"Aflac Inc",70.3,0.33,+0.47%,70.71,69.3,3279000,2022-11-11
AIG,"American International Group",60.39,-0.2,-0.33%,61.16,60.03,6332100,2022-11-11
AIZ,"Assurant Inc",128.15,1.49,+1.18%,128.39,126.03,493400,2022-11-11
AJG,"Arthur J. Gallagher & Company",186,-7,-3.63%,193.94,185.43,1296900,2022-11-11
AKAM,"Akamai Technologies",93.35,0.43,+0.46%,93.72,92.32,1613800,2022-11-11
ALB,"Albemarle Corp",325.38,4.61,+1.44%,334.5499,319.23,1421600,2022-11-11
ALGN,"Align Technology",218.98,22.5,+11.45%,221.62,195.95,1909800,2022-11-11
ALK,"Alaska Air Group",47.25,0.31,+0.66%,47.6,46.6,1298300,2022-11-11
ALL,"Allstate Corp",132.09,1.9,+1.46%,132.705,127.86,1533400,2022-11-11
ALLE,"Allegion Plc",113.57,-0.41000000000001,-0.36%,116.98,113.17,993600,2022-11-11
AMAT,"Applied Materials",110.53,5.74,+5.48%,110.89,104.79,11159900,2022-11-11
AMCR,"Amcor Plc",11.64,0.020000000000001,+0.17%,11.74,11.515,7253400,2022-11-11
AMD,"Adv Micro Devices",72.37,3.9,+5.70%,73.32,68.29,111709398,2022-11-11
AME,"Ametek Inc",138.85,-1.83,-1.30%,142.03,138.24,1386300,2022-11-11
AMGN,"Amgen Inc",285.02,-5.99,-2.06%,289.36,279.62,3255100,2022-11-11
AMP,"Ameriprise Financial Services",331.16,-0.39999999999998,-0.12%,339.41,330.57,1073700,2022-11-11
AMT,"American Tower Corp",223.26,2.36,+1.07%,225.44,221.02,1915700,2022-11-11
AMZN,"Amazon.com Inc",100.79,4.16,+4.31%,101.19,96.66,111590492,2022-11-11
ANET,"Arista Networks Inc",128.55,1.57,+1.24%,129.77,125.67,2874900,2022-11-11
ANSS,"Ansys Inc",255.71,6.52,+2.62%,256.91,248,827000,2022-11-11
AON,"AON Plc",293,-3.38,-1.14%,298.72,291.25,739500,2022-11-11
AOS,"Smith A.O. Corp",60,0.72,+1.21%,60.74,58.54,1229800,2022-11-11
APA,"Apa Corp",48.76,1.76,+3.74%,49.3,48.1,5962600,2022-11-11
APD,"Air Products and Chemicals",288.46,-1.13,-0.39%,292.4569,287.835,1107500,2022-11-11
APH,"Amphenol Corp",79.32,0.25999999999999,+0.33%,80.22,78.89,2711100,2022-11-11
APTV,"Aptiv Plc",111.71,2.39,+2.19%,113.27,108.84,2063600,2022-11-11
ARE,"Alexandria Real Estate Equities",150.98,-2.6,-1.69%,154.25,150.41,764800,2022-11-11
ATO,"Atmos Energy Corp",110.69,-1.11,-0.99%,112.16,109.03,1076100,2022-11-11
ATVI,"Activision Blizzard",74.14,0.52,+0.71%,74.47,73.57,4453900,2022-11-11
AVB,"Avalonbay Communities",167.11,-4.71,-2.74%,172.03,166.875,753200,2022-11-11
AVGO,"Broadcom Ltd",518.09,11.52,+2.27%,519,502,2672800,2022-11-11
AVY,"Avery Dennison Corp",183.83,1.16,+0.64%,185.3,180.96,699700,2022-11-11
AWK,"American Water Works",145.94,-1.57,-1.06%,147.17,142.68,1403400,2022-11-11
AXP,"American Express Company",154.89,0.13999999999999,+0.09%,158.88,154.7,3714500,2022-11-11
AZO,Autozone,2408.99,-58.6699,-2.38%,2461.49,2342.0449,201200,2022-11-11
BA,"Boeing Company",177.49,-0.090000000000003,-0.05%,178.0299,172.99,8894300,2022-11-11
BAC,"Bank of America Corp",38.41,0.27999999999999,+0.73%,38.6,37.965,35688700,2022-11-11
BALL,"Ball Corporation",56.81,3.31,+6.19%,57.4,53.11,3279000,2022-11-11
BAX,"Baxter International Inc",54.88,1.15,+2.14%,55.18,53.8,10218300,2022-11-11
BBWI,"Bath & Body Works Inc",36,1.57,+4.56%,36.245,34.51,4527600,2022-11-11
BBY,"Best Buy Company",74.55,2.52,+3.50%,75.44,71.94,2400500,2022-11-11
BDX,"Becton Dickinson and Company",227.67,-1.61,-0.70%,230.42,224.45,1792600,2022-11-11
BEN,"Franklin Resources",27.33,1.72,+6.72%,27.56,25.68,5491700,2022-11-11
BF.B,"Brown Forman Inc Cl B",69.64,-0.2,-0.29%,70.15,68.95,1166800,2022-11-11
BIIB,"Biogen Inc",289.45,-1.25,-0.43%,291.01,283.44,1263400,2022-11-11
BIO,"Bio-Rad Laboratories",435.68,8.1,+1.89%,450.81,427.97,365700,2022-11-11
BK,"Bank of New York Mellon Corp",44.52,0.45,+1.02%,44.695,43.96,5808800,2022-11-11
BKNG,"Booking Holdings Inc",2015.77,69.26,+3.56%,2033.38,1936.31,442800,2022-11-11
BKR,"Baker Hughes A Ge Co. Cl A",31.02,0.44,+1.44%,31.88,30.84,7138900,2022-11-11
BLK,"Blackrock Inc",774.75,14.94,+1.97%,785.65,748,1278500,2022-11-11
BMY,"Bristol-Myers Squibb Company",75.96,-3.42,-4.31%,78.455,74.5535,18317600,2022-11-11
BR,"Broadridge Financial Solutions Llc",139.99,-1.25,-0.89%,142.32,138.59,720000,2022-11-11
BRK.B,"Berkshire Hathaway Cl B",309.72,6.52,+2.15%,311.33,302.6,6572800,2022-11-11
BRO,"Brown & Brown",56.67,-2.02,-3.44%,59.17,55.92,1281100,2022-11-11
BSX,"Boston Scientific Corp",42.52,-1.24,-2.83%,43.93,40.95,10478700,2022-11-11
BWA,"Borgwarner Inc",42.42,1.45,+3.54%,42.64,41.01,2438200,2022-11-11
BXP,"Boston Properties",76.08,0.59999999999999,+0.79%,76.9,75.27,1430800,2022-11-11
C,"Citigroup Inc",50.19,1.77,+3.66%,50.57,48.44,26009100,2022-11-11
CAG,"Conagra Brands Inc",34.56,-0.63,-1.79%,35.17,33.21,4533600,2022-11-11
CAH,"Cardinal Health",75.27,-2.66,-3.41%,78.25,73.08,6354100,2022-11-11
CARR,"Carrier Global Corp",44.44,0.96,+2.21%,44.7523,43.1989,4760200,2022-11-11
CAT,"Caterpillar Inc",236.49,4.04,+1.74%,238.4,231.9983,3585400,2022-11-11
CB,"Chubb Ltd",206.26,-5.65,-2.67%,214.272,205.43,2620200,2022-11-11
CBOE,"CBOE Global Markets Inc",115.1,-5.86,-4.84%,121.45,114.17,2227400,2022-11-11
CBRE,"CBRE Group Inc",78.83,1.61,+2.08%,79.97,77.95,2216900,2022-11-11
CCI,"Crown Castle Inc",140.47,1.81,+1.31%,141.77,138.13,2717600,2022-11-11
CCL,"Carnival Corp",10.35,0.57,+5.83%,10.45,9.76,69889400,2022-11-11
CDAY,"Ceridian Hcm Holding Inc",65.3,2.04,+3.22%,66.2,62.57,3097000,2022-11-11
CDNS,"Cadence Design Sys",166.9,4.88,+3.01%,167.99,161.49,2273700,2022-11-11
CDW,"CDW Corp",184.35,-1.15,-0.62%,188.87,184.1,531800,2022-11-11
CE,"Celanese Corp",110.56,6.27,+6.01%,112.28,105.37,2034900,2022-11-11
CEG,"Constellation Energy Corp",92.31,-2.83,-2.97%,95.87,91.61,3133200,2022-11-11
CF,"Cf Industries Holdings",102.82,-5.67,-5.23%,112.44,102.06,5021100,2022-11-11
CFG,"Citizens Financial Group Inc/Ri",41.55,0.13,+0.31%,41.88,41.185,3244600,2022-11-11
CHD,"Church & Dwight Company",74.47,-0.47,-0.63%,75.13,73.21,2015400,2022-11-11
CHRW,"C.H. Robinson Ww",98.26,4.33,+4.61%,98.63,94.02,1943200,2022-11-11
CHTR,"Charter Communicatio",394.4,21.24,+5.69%,398.07,371.95,1589300,2022-11-11
CI,"Cigna Corp",303.82,-19.52,-6.04%,324.5,289.61,5494600,2022-11-11
CINF,"Cincinnati Financial",110.09,2.54,+2.36%,110.5,106.99,1042200,2022-11-11
CL,"Colgate-Palmolive Company",74.57,-0.40000000000001,-0.53%,75.38,73.64,3159900,2022-11-11
CLX,"Clorox Company",141.91,-2.07,-1.44%,144.09,136.52,1467300,2022-11-11
CMA,"Comerica Inc",73.62,-0.89999999999999,-1.21%,75.5,73.02,2188600,2022-11-11
CMCSA,"Comcast Corp A",34.02,1.25,+3.81%,34.06,32.83,24484801,2022-11-11
CME,"CME Group Inc",174.25,-0.09,-0.05%,175.56,171.35,2723500,2022-11-11
CMG,"Chipotle Mexican Grill",1506.35,35.43,+2.41%,1523.88,1465,443700,2022-11-11
CMI,"Cummins Inc",248.17,6.04,+2.49%,250.15,241.7784,1432200,2022-11-11
CMS,"Cms Energy Corp",58.42,-0.78,-1.32%,59.19,57.75,1441900,2022-11-11
CNC,"Centene Corp",82.07,-2.36,-2.80%,84.43,79.48,5823300,2022-11-11
CNP,"Centerpoint Energy Inc",29.13,-0.27,-0.92%,29.527,28.73,4194600,2022-11-11
COF,"Capital One Financial Corp",116.25,2.83,+2.50%,118.4,114.255,4476300,2022-11-11
COO,"Cooper Companies",324.32,22.29,+7.38%,327.865,302.785,1019500,2022-11-11
COP,Conocophillips,133.96,4.5,+3.48%,134.855,130.56,8662000,2022-11-11
COST,"Costco Wholesale",515.47,2.34,+0.46%,516.84,506.71,2393500,2022-11-11
CPB,"Campbell Soup Company",48.97,-1.58,-3.13%,50.515,47.56,3766400,2022-11-11
CPRT,"Copart Inc",61.56,1.1,+1.82%,61.87,60.52,1939900,2022-11-11
CPT,"Camden Property Trust",115.23,-0.97,-0.83%,117,114.42,725800,2022-11-11
CRL,"Charles River Laboratories Intl",246.28,8.58,+3.61%,248.17,238.08,1074000,2022-11-11
CRM,"Salesforce Inc",157.73,1.43,+0.91%,159.92,155.58,7382400,2022-11-11
CSCO,"Cisco Systems Inc",44.79,-0.87,-1.91%,45.32,43.92,25961699,2022-11-11
CSGP,"Costar Group Inc",83.28,-0.88,-1.05%,85.37,83.19,2170500,2022-11-11
CSX,"CSX Corp",31.94,0.72,+2.31%,32.06,31.35,14690801,2022-11-11
CTAS,"Cintas Corp",443.86,-0.65,-0.15%,450.51,440.44,455900,2022-11-11
CTLT,"Catalent Inc",47.18,2.29,+5.10%,47.535,44.69,3428300,2022-11-11
CTRA,"Coterra Energy Inc",28.45,0.92,+3.34%,28.585,27.73,14002600,2022-11-11
CTSH,"Cognizant Tech Sol",58.42,1.13,+1.97%,58.77,57.38,3610900,2022-11-11
CTVA,"Corteva Inc",64.77,-2.44,-3.63%,68.1,64.2952,5139200,2022-11-11
CVS,"CVS Corp",97.55,-2.36,-2.36%,99.965,95.05,9175000,2022-11-11
CVX,"Chevron Corp",186.46,5.16,+2.85%,187.1,183.89,8428300,2022-11-11
CZR,"Caesars Entertainment Inc",52.12,1.5,+2.96%,53.13,50.43,4881500,2022-11-11
D,"Dominion Resources",61.66,-0.71,-1.14%,62.3,60.97,5615100,2022-11-11
DAL,"Delta Air Lines Inc",35.44,-0.050000000000004,-0.14%,36,35.26,9129900,2022-11-11
DD,"Dupont Denemours Inc",70.81,1.16,+1.67%,71.66,69.36,4495700,2022-11-11
DE,"Deere & Company",406.03,-1.58,-0.39%,413.5,405.1501,1519200,2022-11-11
DFS,"Discover Financial Services",108.78,0.46000000000001,+0.42%,111.59,108.7,2637100,2022-11-11
DG,"Dollar General Corp",249.14,-4.8,-1.89%,255.95,245.93,1621700,2022-11-11
DGX,"Quest Diagnostics Inc",151.03,-1.45,-0.95%,152.71,148.62,1589200,2022-11-11
DHI,"D.R. Horton",84.92,1,+1.19%,85.79,83.3,3647000,2022-11-11
DHR,"Danaher Corp",271,3.13,+1.17%,277.23,268.3,3525000,2022-11-11
DIS,"Walt Disney Company",95.01,4.55,+5.03%,95.58,91.1,22373200,2022-11-11
DISH,"Dish Network Corp",17,0.94,+5.85%,17.16,15.9,4484400,2022-11-11
DLR,"Digital Realty Trust",111.58,2.99,+2.75%,113.26,108.39,2804300,2022-11-11
DLTR,"Dollar Tree Inc",165.61,2.49,+1.53%,166.43,161.05,1732500,2022-11-11
DOV,"Dover Corp",140.94,3.59,+2.61%,141.9,137.54,1141500,2022-11-11
DOW,"Dow Inc",53.14,3.18,+6.37%,53.44,50.9,9009700,2022-11-11
DPZ,"Domino's Pizza Inc",366.52,8.7,+2.43%,370.72,356.67,698300,2022-11-11
DRI,"Darden Restaurants",141.16,-4.17,-2.87%,146.31,139.51,1450000,2022-11-11
DTE,"Dte Energy Company",114.26,-1.28,-1.11%,116.64,113.18,1434000,2022-11-11
DUK,"Duke Energy Corp",95.17,-1.93,-1.99%,97.25,94.45,3286500,2022-11-11
DVA,"Davita Healthcare Partners Inc",71.9,3.45,+5.04%,72,68.27,949900,2022-11-11
DVN,"Devon Energy Corp",71.8,2.82,+4.09%,72.99,70.27,9500300,2022-11-11
DXC,"Dxc Technology Company",29.46,0.45,+1.55%,29.72,29,1511400,2022-11-11
DXCM,"Dexcom Inc",115.96,-3.88,-3.24%,122.28,114.59,3461400,2022-11-11
EA,"Electronic Arts Inc",131.23,0.93,+0.71%,131.41,128.41,2057800,2022-11-11
EBAY,"Ebay Inc",46.51,1.85,+4.14%,46.99,44.74,7298800,2022-11-11
ECL,"Ecolab Inc",155.68,4.05,+2.67%,156.4,151.65,1320700,2022-11-11
ED,"Consolidated Edison Company",89.12,-1.83,-2.01%,91.01,88.15,2556700,2022-11-11
EFX,"Equifax Inc",193.99,6.18,+3.29%,195.455,186.19,1767100,2022-11-11
EIX,"Edison International",59.87,-0.42,-0.70%,60.47,59.22,1324100,2022-11-11
EL,"Estee Lauder Companies",228.22,9.33,+4.26%,232.33,221.695,3516800,2022-11-11
ELV,"Elevance Health Inc",491.36,-30.52,-5.85%,519.445,480.65,2411500,2022-11-11
EMN,"Eastman Chemical Company",89.49,4.36,+5.12%,90,85.64,1464100,2022-11-11
EMR,"Emerson Electric Company",95.44,1.44,+1.53%,96.36,94.02,4345200,2022-11-11
ENPH,"Enphase Energy Inc",292.01,-17.24,-5.57%,319.49,291.29,5078300,2022-11-11
EOG,"Eog Resources",147.11,4.8,+3.37%,148.14,144.49,3072100,2022-11-11
EPAM,"Epam Systems Inc",360.23,9.78,+2.79%,364.7,348.26,350700,2022-11-11
EQIX,"Equinix Inc",660.6,12.6,+1.94%,662.62,645.24,664100,2022-11-11
EQR,"Equity Residential",62.78,-1.19,-1.86%,64.53,62.34,2304800,2022-11-11
EQT,"Eqt Corp",42.62,-0.28,-0.65%,44.0154,41.34,7255900,2022-11-11
ES,"Eversource Energy",78.09,-1.03,-1.30%,79.02,77.32,1569900,2022-11-11
ESS,"Essex Property Trust",215.3,-3.26,-1.49%,219.04,211.58,852800,2022-11-11
ETN,"Eaton Corp",161.6,-0.53,-0.33%,163.52,160.845,2361300,2022-11-11
ETR,"Entergy Corp",110.63,-0.41000000000001,-0.37%,111.33,109.11,1512900,2022-11-11
ETSY,"Etsy Inc",115.64,5.43,+4.93%,116.6,109.04,3720300,2022-11-11
EVRG,"Evergy Inc",59.39,-2.31,-3.74%,61.645,58.9088,2466000,2022-11-11
EW,"Edwards Lifesciences Corp",74.65,2.1,+2.89%,75.8,73.2,4984500,2022-11-11
EXC,"Exelon Corp",39.11,0.11,+0.28%,39.37,38.46,7487700,2022-11-11
EXPD,"Expeditors Intl",111.91,3.22,+2.96%,112.35,108.51,1652500,2022-11-11
EXPE,"Expedia Group Inc",102.79,3.75,+3.79%,104.47,99.18,3097500,2022-11-11
EXR,"Extra Space Storage Inc",158.33,-4.76,-2.92%,164.34,157.33,1264900,2022-11-11
F,"Ford Motor Company",14.5,0.32,+2.26%,14.666,14.2,60187600,2022-11-11
FANG,"Diamondback Energy",164.35,4.07,+2.54%,166.48,163.13,2691200,2022-11-11
FAST,"Fastenal Company",51.8,-0.07,-0.13%,51.98,51.16,2943200,2022-11-11
FBHS,"Fortune Brands Home & Security",67.25,1.56,+2.37%,68.4,65.48,1375600,2022-11-11
FCX,"Freeport-Mcmoran Inc",38.04,1.29,+3.51%,39.255,37.74,22053400,2022-11-11
FDS,"Factset Research Systems Inc",421.24,-15.04,-3.45%,437.18,419.91,325200,2022-11-11
FDX,"Fedex Corp",175.61,9.61,+5.79%,176.8986,166.24,4436400,2022-11-11
FE,"Firstenergy Corp",37.96,-1.03,-2.64%,39.02,37.76,3297000,2022-11-11
FFIV,"F5 Inc",149.91,5.17,+3.57%,150.43,144.1,667500,2022-11-11
FIS,"Fidelity National Information Services",65.4,1.4,+2.19%,65.95,63.23,8269300,2022-11-11
FISV,"Fiserv Inc",100.47,-0.53,-0.52%,101.72,99.97,5989600,2022-11-11
FITB,"Fifth Third Bancorp",36.85,0.56,+1.54%,37.2,36.38,7378300,2022-11-11
FLT,"Fleetcor Technologies",199.8,5.2,+2.67%,202.61,195.64,855200,2022-11-11
FMC,"FMC Corp",125.55,-0.90000000000001,-0.71%,128.33,123.565,880000,2022-11-11
FOX,"Fox Corp Cl B",28.76,1.06,+3.83%,28.91,27.76,1040600,2022-11-11
FOXA,"Fox Corp Cl A",30.52,1.08,+3.67%,30.7,29.46,2946500,2022-11-11
FRC,"First Republic Bank",129.11,2.62,+2.07%,130.735,126.75,2351900,2022-11-11
FRT,"Federal Realty Investment Trust",107.77,0.7,+0.65%,107.96,105.725,644300,2022-11-11
FTNT,"Fortinet Inc",56.13,1.74,+3.20%,56.23,53.76,6267000,2022-11-11
FTV,"Fortive Corp",68.47,0.56999999999999,+0.84%,69.42,68.12,2544000,2022-11-11
GD,"General Dynamics Corp",243.13,-10.35,-4.08%,251.76,242.75,1395300,2022-11-11
GE,"General Electric Company",86.31,0.93000000000001,+1.09%,86.78,85.15,7781700,2022-11-11
GEN,"Gen Digital Inc",22.94,0.31,+1.37%,23.16,22.49,10688601,2022-11-11
GILD,"Gilead Sciences Inc",81.82,-0.78,-0.94%,81.98,80.07,11413301,2022-11-11
GIS,"General Mills",77.25,-2.33,-2.93%,79,75.77,6176900,2022-11-11
GL,"Globe Life Inc",109.71,-4.14,-3.64%,114.825,109.62,697700,2022-11-11
GLW,"Corning Inc",34.46,0.56,+1.65%,34.875,34,3782900,2022-11-11
GM,"General Motors Company",41.12,1.38,+3.47%,41.575,39.82,13035200,2022-11-11
GNRC,"Generac Holdings Inc",114.08,4.18,+3.80%,115.91,107.75,2060800,2022-11-11
GOOG,"Alphabet Cl C",96.73,2.56,+2.72%,97.36,94.16,30569102,2022-11-11
GOOGL,"Alphabet Cl A",96.41,2.47,+2.63%,96.93,93.92,33090402,2022-11-11
GPC,"Genuine Parts Company",177.96,-4.24,-2.33%,183.48,177.23,1162900,2022-11-11
GPN,"Global Payments Inc",104.38,1.49,+1.45%,105.23,102.06,3411000,2022-11-11
GRMN,"Garmin Ltd",93.76,2.45,+2.68%,94.63,91.09,928200,2022-11-11
GS,"Goldman Sachs Group",385.17,6.86,+1.81%,387,378.75,3409000,2022-11-11
GWW,"W.W. Grainger",586.52,-21.86,-3.59%,609.69,581.59,448200,2022-11-11
HAL,"Halliburton Company",38.74,0.93,+2.46%,39.86,38.42,8436900,2022-11-11
HAS,"Hasbro Inc",63.41,3.02,+5.00%,63.54,60.52,1359700,2022-11-11
HBAN,"Huntington Bcshs",14.97,-0.21,-1.38%,15.38,14.84,22359701,2022-11-11
HCA,"Hca Holdings Inc",224.08,1.58,+0.71%,224.73,219.74,1333600,2022-11-11
HD,"Home Depot",314.94,3.24,+1.04%,317.68,310.24,4945300,2022-11-11
HES,"Hess Corp",145.58,5.74,+4.10%,146.54,141.53,2308300,2022-11-11
HIG,"Hartford Financial Services Group",73.63,-0.67,-0.90%,75.1,73.25,1988800,2022-11-11
HII,"Huntington Ingalls Industries",227.58,-16.59,-6.79%,238,224.94,790300,2022-11-11
HLT,"Hilton Inc",140.63,4.01,+2.94%,142.42,137.76,2808200,2022-11-11
HOLX,"Hologic Inc",75.93,0.93,+1.24%,76.15,74.74,1521000,2022-11-11
HON,"Honeywell International Inc",212.73,-2.07,-0.96%,214.96,211.45,4226700,2022-11-11
HPE,"Hewlett Packard Enterprise Comp",15.29,0.42,+2.82%,15.34,14.9,13755900,2022-11-11
HPQ,"Hp Inc",30.55,1.25,+4.27%,30.685,29.29,11423200,2022-11-11
HRL,"Hormel Foods Corp",47.4,-0.18,-0.38%,47.63,45.98,1813700,2022-11-11
HSIC,"Henry Schein Inc",78.63,1.31,+1.69%,79.61,77.01,1004800,2022-11-11
HST,"Host Marriott Financial Trust",18.56,0.43,+2.37%,18.74,18.3,6341800,2022-11-11
HSY,"Hershey Foods Corp",218.88,-7.42,-3.28%,226.21,211.49,2677600,2022-11-11
HUM,"Humana Inc",528.53,-29.77,-5.33%,558.35,517.0001,2193100,2022-11-11
HWM,"Howmet Aerospace Inc",37.43,-0.87,-2.27%,39.24,37.375,3631900,2022-11-11
IBM,"International Business Machines",143.17,1.94,+1.37%,144.13,140.96,5871200,2022-11-11
ICE,"Intercontinental Exchange",104.32,1.78,+1.74%,104.64,102.02,2450500,2022-11-11
IDXX,"Idexx Laboratories",441.27,25.21,+6.06%,442.2,416.7,872900,2022-11-11
IEX,"Idex Corp",230.08,-2.88,-1.24%,234.62,228.355,431400,2022-11-11
IFF,"International Flavors & Fragrances",100.54,4.48,+4.66%,101,96.14,2152200,2022-11-11
ILMN,"Illumina Inc",242.74,2.65,+1.10%,248.87,236.57,1311700,2022-11-11
INCY,"Incyte Corp",77.53,-0.25,-0.32%,77.77,75.46,1211800,2022-11-11
INTC,"Intel Corp",30.43,0.67,+2.25%,30.63,28.87,49826500,2022-11-11
INTU,"Intuit Inc",408.04,4.8,+1.19%,411.93,398.64,1720100,2022-11-11
INVH,"Invitation Homes Inc",31.98,-0.31,-0.96%,32.62,31.915,3549400,2022-11-11
IP,"International Paper Company",36.63,1.49,+4.24%,36.865,35.19,5185500,2022-11-11
IPG,"Interpublic Group of Companies",32.49,1.42,+4.57%,32.575,31.15,3921900,2022-11-11
IQV,"Iqvia Holdings Inc",226.53,3.95,+1.77%,228.98,222.45,1011000,2022-11-11
IR,"Ingersoll Rand Inc",55.31,1.43,+2.65%,55.73,53.785,6675600,2022-11-11
IRM,"Iron Mountain Inc",52.87,0.3,+0.57%,53.375,52.05,1584300,2022-11-11
ISRG,"Intuitive Surg Inc",265.08,7.22,+2.80%,267.67,255.74,3188300,2022-11-11
IT,"Gartner Inc",335.26,-5.64,-1.65%,346.35,334.84,543400,2022-11-11
ITW,"Illinois Tool Works Inc",226.43,2.18,+0.97%,227.46,223.6567,841100,2022-11-11
IVZ,"Invesco Plc",19.77,1.02,+5.44%,20.01,18.85,11229100,2022-11-11
J,"Jacobs Engineering Group Inc",125.72,0.010000000000005,+0.01%,127.3,124.895,636400,2022-11-11
JBHT,"J B Hunt Transport",185.4,2.93,+1.61%,189.21,183.6,991000,2022-11-11
JCI,"Johnson Controls Intl",66.39,-0.27,-0.41%,67.61,66.2,4611300,2022-11-11
JKHY,"Jack Henry & Assoc",174.49,-1.26,-0.72%,177.86,172.65,713100,2022-11-11
JNJ,"Johnson & Johnson",169.25,-5.22,-2.99%,173.11,166.82,11074600,2022-11-11
JNPR,"Juniper Networks",30.5,-0.010000000000002,-0.03%,30.66,30.19,2184200,2022-11-11
JPM,"JP Morgan Chase & Company",135.3,0.22,+0.16%,136.17,133.7805,10704600,2022-11-11
K,"Kellogg Company",68.98,-2.04,-2.87%,70.65,68.01,4258900,2022-11-11
KDP,"Keurig Dr Pepper Inc",37.34,-0.6,-1.58%,38.11,36.88,7058600,2022-11-11
KEY,Keycorp,19.83,0.38,+1.95%,20.035,19.52,12219800,2022-11-11
KEYS,"Keysight Technologies Inc",172.18,0.47,+0.27%,172.89,170.1725,1018300,2022-11-11
KHC,"Kraft Heinz Company",36.99,-0.88,-2.32%,37.78,36.03,8622500,2022-11-11
KIM,"Kimco Realty Corp",22.18,-0.13,-0.58%,22.54,22.05,3619700,2022-11-11
KLAC,"K L A-Tencor Corp",380.21,11.96,+3.25%,382.94,366.15,1665300,2022-11-11
KMB,"Kimberly-Clark Corp",127.45,-0.33,-0.26%,128.02,124.22,1633000,2022-11-11
KMI,"Kinder Morgan",18.69,0.49,+2.69%,18.79,18.31,17923000,2022-11-11
KMX,"Carmax Inc",74.58,3.93,+5.56%,75.93,70.3563,2294700,2022-11-11
KO,"Coca-Cola Company",61.32,0.44,+0.72%,61.45,60.21,18972000,2022-11-11
KR,"Kroger Company",47.1,-1.01,-2.10%,48.15,45.91,8480600,2022-11-11
L,"Loews Corp",55.97,-0.62,-1.10%,57.13,55.72,659100,2022-11-11
LDOS,"Leidos Holdings Inc",103.38,-3.85,-3.59%,107.29,103.16,1419400,2022-11-11
LEN,"Lennar Corp",88.03,-0.37,-0.42%,89.09,87.56,2617700,2022-11-11
LH,"Laboratory Corp of America Holdings",248.97,5.9,+2.43%,250.52,242.04,948300,2022-11-11
LHX,"L3Harris Technologies Inc",224.75,-14.59,-6.10%,232.38,220.775,3025300,2022-11-11
LIN,"Linde Plc",330.22,1.85,+0.56%,334.26,329.49,2133700,2022-11-11
LKQ,"LKQ Corp",54.29,0.17,+0.31%,54.77,53.93,1242600,2022-11-11
LLY,"Eli Lilly and Company",352.3,-16.42,-4.45%,367.83,344.52,6646200,2022-11-11
LMT,"Lockheed Martin Corp",463.86,-26.91,-5.48%,483.83,462.61,3061800,2022-11-11
LNC,"Lincoln National Corp",35.24,0.61,+1.76%,35.86,34.71,2040300,2022-11-11
LNT,"Alliant Energy Corp",53.93,-1.59,-2.86%,55.41,53.84,2150700,2022-11-11
LOW,"Lowe's Companies",209.02,4.7,+2.30%,211.26,204.51,4272400,2022-11-11
LRCX,"Lam Research Corp",500.82,15.41,+3.17%,504.55,480.16,2608000,2022-11-11
LUMN,Centurylink,6.34,-0.11,-1.71%,6.5,6.23,28770000,2022-11-11
LUV,"Southwest Airlines Company",38.36,-0.46,-1.18%,39.26,38.31,8221900,2022-11-11
LVS,"Las Vegas Sands",43.32,2.27,+5.53%,43.87,41.91,10637400,2022-11-11
LW,"Lamb Weston Holdings Inc",81.84,-2.79,-3.30%,84.51,79.92,2899700,2022-11-11
LYB,"Lyondellbasell Industries NV",89.06,5.1,+6.07%,89.6,84.91,2721600,2022-11-11
LYV,"Live Nation Entertainment",76.7,0.34,+0.45%,77.31,75.42,1261300,2022-11-11
MA,"Mastercard Inc",339.29,2.02,+0.60%,342.63,336.36,3734700,2022-11-11
MAA,"Mid-America Apartment Communities",160.28,-3.55,-2.17%,164.88,158.89,574300,2022-11-11
MAR,"Marriot Int Cl A",163.78,5.8,+3.67%,164.89,159.83,2634500,2022-11-11
MAS,"Masco Corp",51.1,0.92,+1.83%,51.435,49.94,2718300,2022-11-11
MCD,"McDonald's Corp",271.39,-4.49,-1.63%,277,269.18,4742800,2022-11-11
MCHP,"Microchip Technology",75.83,1.91,+2.58%,76.28,73.05,4963800,2022-11-11
MCK,"Mckesson Corp",356.21,-14.11,-3.81%,365.53,341.31,3030900,2022-11-11
MCO,"Moody's Corp",310.37,16.11,+5.47%,312.86,295.22,1882000,2022-11-11
MDLZ,"Mondelez Intl Inc",64.8,-0.18,-0.28%,65.19,63.96,6384500,2022-11-11
MDT,"Medtronic Inc",83.55,1.71,+2.09%,83.645,81.94,8502400,2022-11-11
MET,"Metlife Inc",74.49,-0.23,-0.31%,75.63,74.2,5303000,2022-11-11
META,"Meta Platforms Inc",113.02,1.15,+1.03%,114.9,108.81,59961703,2022-11-11
MGM,"MGM Resorts International",36.63,1.32,+3.74%,37.07,35.66,5019000,2022-11-11
MHK,"Mohawk Industries",109.8,7.36,+7.18%,110.39,103.06,1012700,2022-11-11
MKC,"Mccormick & Company",83.77,1.91,+2.33%,84.1,80.06,1818600,2022-11-11
MKTX,"Marketaxess Holdings",283.3,5.83,+2.10%,284.49,270.61,508200,2022-11-11
MLM,"Martin Marietta Materials",362.19,-0.64999999999998,-0.18%,371.47,360.81,323200,2022-11-11
MMC,"Marsh & Mclennan Companies",166.6,-1.79,-1.06%,169.64,164.83,1994600,2022-11-11
MMM,"3M Company",132.98,3.83,+2.97%,133.49,129.15,3429300,2022-11-11
MNST,"Monster Beverage Cp",98.12,-1.18,-1.19%,99.31,96.22,2694300,2022-11-11
MO,"Altria Group",44.38,0.16,+0.36%,44.46,43.25,9820500,2022-11-11
MOH,"Molina Healthcare Inc",317.5,-12.19,-3.70%,331.28,307.7,748400,2022-11-11
MOS,"Mosaic Company",52.79,-0.71,-1.33%,55.8,51.8701,5681700,2022-11-11
MPC,"Marathon Petroleum Corp",121.23,2.05,+1.72%,122.69,119.845,3390200,2022-11-11
MPWR,"Monolithic Power Sys",393.37,6.5,+1.68%,402.54,382.01,751700,2022-11-11
MRK,"Merck & Company",97.96,-3.93,-3.86%,100.81,97.33,13342800,2022-11-11
MRNA,"Moderna Inc",171.2,2.64,+1.57%,172.13,162.74,3611600,2022-11-11
MRO,"Marathon Oil Corp",32.88,1.28,+4.05%,33.0591,32.31,16266600,2022-11-11
MS,"Morgan Stanley",90.78,1.98,+2.23%,91.6914,89,9119000,2022-11-11
MSCI,"MSCI Inc",512.37,2.67,+0.52%,522.24,509.01,509700,2022-11-11
MSFT,"Microsoft Corp",247.11,4.13,+1.70%,247.99,241.93,34620199,2022-11-11
MSI,"Motorola Solutions",249.53,-10.08,-3.88%,260.02,245.76,2209500,2022-11-11
MTB,"M&T Bank Corp",166.2,-3.99,-2.34%,171.585,163.85,2264100,2022-11-11
MTCH,"Match Group Inc",51.44,2.6,+5.32%,52.35,48.65,4649500,2022-11-11
MTD,"Mettler-Toledo International",1464.38,15.23,+1.05%,1488.37,1446.5699,138000,2022-11-11
MU,"Micron Technology",62.52,2.25,+3.73%,63.18,59.88,17579400,2022-11-11
NCLH,"Norwegian Cruise Ord",17.86,0.77,+4.51%,18.31,16.87,21141200,2022-11-11
NDAQ,"Nasdaq Inc",66.4,0.19,+0.29%,66.9,65.94,1797300,2022-11-11
NDSN,"Nordson Corp",236.55,1.37,+0.58%,239.07,234.82,219800,2022-11-11
NEE,"Nextera Energy",83.31,0.11,+0.13%,83.85,81.9825,5730800,2022-11-11
NEM,"Newmont Mining Corp",46.53,0.12,+0.26%,46.66,45.52,6814500,2022-11-11
NFLX,"Netflix Inc",290.13,15.16,+5.51%,290.66,271.56,9573800,2022-11-11
NI,"NiSource Inc",25.81,-0.28,-1.07%,26.115,25.56,4527300,2022-11-11
NKE,"Nike Inc",106.09,6.6,+6.63%,107.21,100.14,12597400,2022-11-11
NOC,"Northrop Grumman Corp",492.7,-38.89,-7.32%,518.83,490.2,2267400,2022-11-11
NOW,"Servicenow Inc",409.91,5.85,+1.45%,424.46,404.72,2144200,2022-11-11
NRG,"NRG Energy",45.4,0.31,+0.69%,45.505,44.37,2916200,2022-11-11
NSC,"Norfolk Southern Corp",250.91,7.93,+3.26%,252.71,244.57,1641100,2022-11-11
NTAP,"Netapp Inc",73.5,1.59,+2.21%,74.04,71.64,1406100,2022-11-11
NTRS,"Northern Trust Corp",94.03,3.63,+4.02%,95.05,90.39,1466800,2022-11-11
NUE,"Nucor Corp",138.76,-0.27000000000001,-0.19%,143.9789,137.84,2772800,2022-11-11
NVDA,"Nvidia Corp",163.27,5.77,+3.66%,163.89,154.82,65548695,2022-11-11
NVR,"NVR Inc",4491.4399,-38.290099999999,-0.85%,4555.7002,4479.9902,18100,2022-11-11
NWL,"Newell Rubbermaid Inc",14.12,0.67,+4.98%,14.24,13.48,4154300,2022-11-11
NWS,"News Cp Cl B",18.29,0.81,+4.63%,18.3,17.55,878100,2022-11-11
NWSA,"News Cp Cl A",18.06,0.76,+4.39%,18.07,17.45,3456300,2022-11-11
NXPI,"Nxp Semiconductors",169.94,4.47,+2.70%,171,163.54,2515200,2022-11-11
O,"Realty Income Corp",64.98,-0.39,-0.60%,65.83,64.66,3558100,2022-11-11
ODFL,"Old Dominion Freight Line Inc",314.11,8.48,+2.77%,319,307.96,1266600,2022-11-11
OGN,"Organon & CO",25.31,0.6,+2.43%,25.47,24.19,2931700,2022-11-11
OKE,"Oneok Inc",64.65,1.25,+1.97%,64.99,63.62,2695700,2022-11-11
OMC,"Omnicom Group Inc",77.51,2.4,+3.20%,77.96,75.53,1618500,2022-11-11
ON,"On Semiconductor",75.05,2.26,+3.10%,76.14,72.25,7264400,2022-11-11
ORCL,"Oracle Corp",77.74,0.56999999999999,+0.74%,77.8911,76.57,7712900,2022-11-11
ORLY,"O'Reilly Automotive",815.6,-28.25,-3.35%,842.22,808.8,652300,2022-11-11
OTIS,"Otis Worldwide Corp",77.37,1.77,+2.34%,78.03,75.615,2984500,2022-11-11
OXY,"Occidental Petroleum Corp",74.33,3.85,+5.46%,74.715,71.05,20663500,2022-11-11
PARA,"Paramount Global Cl B",18.81,2.24,+13.52%,19.3,16.45,29935201,2022-11-11
PAYC,"Paycom Software Inc",340.35,10.6,+3.21%,347.82,327.535,598000,2022-11-11
PAYX,"Paychex Inc",121.01,-0.37,-0.30%,122.05,119.17,2098000,2022-11-11
PCAR,"Paccar Inc",102.62,0.71,+0.70%,103.14,101.53,2378500,2022-11-11
PCG,"Pacific Gas & Electric Company",14.76,-0.050000000000001,-0.34%,15.05,14.65,19054600,2022-11-11
PEAK,"Healthpeak Properties Inc",25.42,0.07,+0.28%,25.64,25.16,4526100,2022-11-11
PEG,"Public Service Enterprise Group Inc",58.29,-1.23,-2.07%,59.35,57.67,4936000,2022-11-11
PEP,"Pepsico Inc",178.05,-3.65,-2.01%,181.69,175.44,7390700,2022-11-11
PFE,"Pfizer Inc",47.6,0.22,+0.46%,47.695,46.31,20909800,2022-11-11
PFG,"Principal Financial Group Inc",95,1.38,+1.47%,96.17,93.7,1970500,2022-11-11
PG,"Procter & Gamble Company",140.97,-0.21000000000001,-0.15%,141.63,139.1091,7175200,2022-11-11
PGR,"Progressive Corp",126.23,-3.51,-2.71%,131,125.13,3761100,2022-11-11
PH,"Parker-Hannifin Corp",308.57,5.25,+1.73%,309.805,302.195,819200,2022-11-11
PHM,Pultegroup,44.37,0.59,+1.35%,44.865,43.48,2785300,2022-11-11
PKG,"Packaging Corp of America",129.47,4.39,+3.51%,130.25,124.93,764700,2022-11-11
PKI,Perkinelmer,143.46,7.08,+5.19%,145.2,135.54,1510200,2022-11-11
PLD,"Prologis Inc",116.13,-2.21,-1.87%,119.42,115.96,3258300,2022-11-11
PM,"Philip Morris International Inc",94.47,1.22,+1.31%,94.82,92.42,4019000,2022-11-11
PNC,"PNC Bank",165.76,1.91,+1.17%,167.5,164.16,2755000,2022-11-11
PNR,"Pentair Ltd",46.69,1.59,+3.53%,47.135,44.82,1926000,2022-11-11
PNW,"Pinnacle West Capital Corp",71.64,-0.95999999999999,-1.32%,72.6,71.05,572900,2022-11-11
POOL,"Pool Corp",351.36,12.05,+3.55%,360.34,338.23,769300,2022-11-11
PPG,"PPG Industries",130.09,5.28,+4.23%,131,125.7,2106300,2022-11-11
PPL,"PPL Corp",27.41,-0.32,-1.15%,27.78,27.24,3381400,2022-11-11
PRU,"Prudential Financial Inc",110.21,2.49,+2.31%,110.96,107.84,2769100,2022-11-11
PSA,"Public Storage",295.18,-7.63,-2.52%,304.625,292.57,655600,2022-11-11
PSX,"Phillips 66",111.3,5.06,+4.76%,112.72,107.46,5586800,2022-11-11
PTC,"Ptc Inc",131.92,2.15,+1.66%,133.14,129.33,1191600,2022-11-11
PWR,"Quanta Services",144.47,-2.59,-1.76%,149,144.17,1065300,2022-11-11
PXD,"Pioneer Natural Resources Company",255.63,10.18,+4.15%,255.93,248.02,2226600,2022-11-11
PYPL,"Paypal Holdings",91.03,4.23,+4.87%,92,86.46,19916699,2022-11-11
QCOM,"Qualcomm Inc",121.43,0.75,+0.62%,122.16,118.99,9433800,2022-11-11
QRVO,"Qorvo Inc",96.78,2.1,+2.22%,97.39,93.16,1167500,2022-11-11
RCL,"Royal Caribbean Cruises Ltd",58.48,0.76,+1.32%,59.4684,57,5152100,2022-11-11
RE,"Everest Re Group",308.71,-11.48,-3.59%,322.15,306.02,444100,2022-11-11
REG,"Regency Centers Corp",65.82,-0.44,-0.66%,66.63,65.36,634000,2022-11-11
REGN,"Regeneron Pharmaceuticals",734.45,-6.63,-0.89%,737.43,706.75,951800,2022-11-11
RF,"Regions Financial Corp",23.41,0.13,+0.56%,23.6594,23.25,7080100,2022-11-11
RHI,"Robert Half International Inc",80.85,1.26,+1.58%,81.95,79.73,841100,2022-11-11
RJF,"Raymond James Financial",123.4,-0.58,-0.47%,126,122.95,1823500,2022-11-11
RL,"Ralph Lauren Corp",104.38,8.93,+9.36%,105.98,96.32,2300000,2022-11-11
RMD,"Resmed Inc",223.03,-2.15,-0.95%,228.15,222.27,488700,2022-11-11
ROK,"Rockwell Automation Inc",273.53,7.99,+3.01%,275.78,266.11,1031200,2022-11-11
ROL,"Rollins Inc",41.59,-0.43,-1.02%,42.2,41.26,2092700,2022-11-11
ROP,"Roper Industries",438.36,-0.069999999999993,-0.02%,442.76,433.945,609200,2022-11-11
ROST,"Ross Stores Inc",96.17,-0.96,-0.99%,98.47,95.46,2892600,2022-11-11
RSG,"Republic Services",131.06,-3.79,-2.81%,135.695,129.63,2259700,2022-11-11
RTX,"Raytheon Technologies Corp",93.65,-4.19,-4.28%,97.2,92.78,6937500,2022-11-11
SBAC,"SBA Communications",297.98,1.11,+0.37%,301.85,296.65,775500,2022-11-11
SBNY,"Signature Bank",143.98,3.04,+2.16%,145.46,137,1578600,2022-11-11
SBUX,"Starbucks Corp",97.38,1.12,+1.16%,98.67,96.57,8294300,2022-11-11
SCHW,"The Charles Schwab Corp",78.36,-0.2,-0.25%,80.19,77.51,12172400,2022-11-11
SEDG,"Solaredge Tech",288.91,5.24,+1.85%,299.9,279.32,1813400,2022-11-11
SEE,"Sealed Air Corp",50.52,1.05,+2.12%,51.505,49.55,2412400,2022-11-11
SHW,"Sherwin-Williams Company",237.24,-1.76,-0.74%,242.375,236.1301,1913000,2022-11-11
SIVB,"Svb Financial Group",235.62,4.67,+2.02%,239.54,230.34,1283000,2022-11-11
SJM,"J.M. Smucker Company",142.61,-3.26,-2.23%,145.78,138.79,1207200,2022-11-11
SLB,"Schlumberger N.V.",54.82,1.72,+3.24%,55.255,54.165,14725000,2022-11-11
SNA,"Snap-On Inc",234.31,-1.72,-0.73%,237.37,232.7192,277600,2022-11-11
SNPS,"Synopsys Inc",331.4,12.64,+3.97%,331.45,317.11,1275900,2022-11-11
SO,"Southern Company",65.09,-0.61999999999999,-0.94%,65.89,64.52,4639000,2022-11-11
SPG,"Simon Property Group",120.2,0.16,+0.13%,121.98,119.93,1999000,2022-11-11
SPGI,"S&P Global Inc",356.2,9.99,+2.89%,357.73,346.07,2042600,2022-11-11
SRE,Sempra,154.65,-1.18,-0.76%,156.3186,152.43,1191400,2022-11-11
STE,"Steris Corp",172.54,3.27,+1.93%,172.92,168.88,773600,2022-11-11
STT,"State Street Corp",80.99,1.13,+1.41%,82.14,79.97,2897800,2022-11-11
STX,"Seagate Technology Hldgs Plc",57.15,3.35,+6.23%,57.6,53.95,2597600,2022-11-11
STZ,"Constellation Brands Inc",247,2.97,+1.22%,247.08,237.01,1592900,2022-11-11
SWK,"Stanley Black & Decker Inc",84.2,2.75,+3.38%,85.65,81.325,2743800,2022-11-11
SWKS,"Skyworks Solutions",96.35,3.12,+3.35%,96.76,92.69,1867600,2022-11-11
SYF,"Synchrony Financial",40.23,1.5,+3.87%,40.885,38.94,6881200,2022-11-11
SYK,"Stryker Corp",224.29,5.33,+2.43%,224.64,217.96,2213100,2022-11-11
SYY,"Sysco Corp",84.47,0.23,+0.27%,85.11,83.6,3500400,2022-11-11
T,"AT&T Inc",19.05,0.21,+1.11%,19.13,18.78,52519500,2022-11-11
TAP,"Molson Coors Brewing Company",51.9,0.45,+0.87%,52.14,50.6291,1440300,2022-11-11
TDG,"Transdigm Group Inc",626.25,-13.77,-2.15%,646.52,623,325100,2022-11-11
TDY,"Teledyne Technologies Inc",412.99,-8.26,-1.96%,420.23,410.06,273200,2022-11-11
TECH,"Bio-Techne Cp",349.97,12.88,+3.82%,362.53,336.66,528500,2022-11-11
TEL,"Te Connectivity Ltd",124.11,1.96,+1.60%,125.86,122,2773800,2022-11-11
TER,"Teradyne Inc",96.31,2.98,+3.19%,96.89,92.65,1716400,2022-11-11
TFC,"Truist Financial Corp",47.26,1.22,+2.65%,47.46,46.11,8322900,2022-11-11
TFX,"Teleflex Inc",219.51,1.31,+0.60%,222.76,216.47,514800,2022-11-11
TGT,"Target Corp",173.32,8.94,+5.44%,174.83,164.95,5828300,2022-11-11
TJX,"TJX Companies",73.9,-0.099999999999994,-0.14%,75,73.19,5988600,2022-11-11
TMO,"Thermo Fisher Scientific Inc",538.68,18.1,+3.48%,545.46,526.62,2422500,2022-11-11
TMUS,"T-Mobile US",146.19,-4.26,-2.83%,150.14,145.05,7576600,2022-11-11
TPR,"Tapestry Inc",35.37,2.83,+8.70%,35.76,32.54,4672100,2022-11-11
TRGP,"Targa Resources",72.64,1.05,+1.47%,73.79,71.365,1383000,2022-11-11
TRMB,"Trimble Navigation",62,2.84,+4.80%,62.4,59.33,1285700,2022-11-11
TROW,"T Rowe Price Group",133.34,8.69,+6.97%,134.64,124.02,5549400,2022-11-11
TRV,"The Travelers Companies Inc",181.73,-1.57,-0.86%,185.58,180.21,1403300,2022-11-11
TSCO,"Tractor Supply Company",209.05,-1.54,-0.73%,214.45,207.49,1276300,2022-11-11
TSLA,"Tesla Inc",195.97,5.25,+2.75%,196.52,182.59,114403500,2022-11-11
TSN,"Tyson Foods",67.41,0.95,+1.43%,67.515,65.58,4794300,2022-11-11
TT,"Trane Technologies Plc",176.08,-0.69,-0.39%,181.62,175.26,1627400,2022-11-11
TTWO,"Take-Two Interactive",102.25,3.68,+3.73%,104.05,98.16,4107000,2022-11-11
TXN,"Texas Instruments",179.49,4.8,+2.75%,180.79,173.4,6911900,2022-11-11
TXT,"Textron Inc",70.88,-0.64,-0.89%,72.05,70.755,1184700,2022-11-11
TYL,"Tyler Technologies",324.61,14.9,+4.81%,326.5,308.97,471900,2022-11-11
UAL,"United Airlines Holdings Inc",44.71,0.38,+0.86%,45.41,44.22,8173300,2022-11-11
UDR,"United Dominion Realty Trust",40.11,-0.58,-1.43%,40.93,39.85,2165000,2022-11-11
UHS,"Universal Health Services",125,3.2,+2.63%,125.76,121.595,1017200,2022-11-11
ULTA,"Ulta Beauty Inc",430.27,6.69,+1.58%,430.75,420.27,893300,2022-11-11
UNH,"Unitedhealth Group Inc",522.08,-22.09,-4.06%,546.28,509.65,7034200,2022-11-11
UNP,"Union Pacific Corp",217.5,4.51,+2.12%,219.56,214.76,5176400,2022-11-11
UPS,"United Parcel Service",178.19,5.87,+3.41%,178.985,172.51,3851500,2022-11-11
URI,"United Rentals",349.31,4.4,+1.28%,362.68,346.25,1028500,2022-11-11
USB,"U.S. Bancorp",44.92,0.050000000000004,+0.11%,45.05,44.44,10692700,2022-11-11
V,"Visa Inc",205,-0.56999999999999,-0.28%,206.425,202.15,9601000,2022-11-11
VFC,"V.F. Corp",33.34,3.41,+11.39%,33.48,30.21,10064300,2022-11-11
VICI,"Vici Properties Inc",32.13,-0.48999999999999,-1.50%,32.87,32.005,6896300,2022-11-11
VLO,"Valero Energy Corp",133.96,1.51,+1.14%,136.17,132.7,4438200,2022-11-11
VMC,"Vulcan Materials Company",178.96,-1.11,-0.62%,183.57,178.015,920700,2022-11-11
VNO,"Vornado Realty Trust",25.77,0.68,+2.71%,26.28,24.75,3775600,2022-11-11
VRSK,"Verisk Analytics Inc",178.27,-2.84,-1.57%,181.11,177.49,880800,2022-11-11
VRSN,"Verisign Inc",192.39,1.27,+0.66%,193.28,189.75,576000,2022-11-11
VRTX,"Vertex Pharmaceutic",303.26,-7.77,-2.50%,309.8,288.83,2182100,2022-11-11
VTR,"Ventas Inc",45.31,0.45,+1.00%,45.69,44.85,2248100,2022-11-11
VTRS,"Viatris Inc",11.44,0.1,+0.88%,11.52,11.19,8520601,2022-11-11
VZ,"Verizon Communications Inc",38.3,-0.22000000000001,-0.57%,38.69,37.81,22980900,2022-11-11
WAB,"Wabtec Corp",101.07,0.72,+0.72%,101.71,99.095,2006000,2022-11-11
WAT,"Waters Corp",331.85,0,0.00%,338.42,330.285,349700,2022-11-11
WBA,"Walgreens Boots Alliance",41.26,2.77,+7.20%,41.56,39.4,13101301,2022-11-11
WBD,"Discovery Inc Series A",11.84,1.04,+9.63%,12.36,10.61,48852199,2022-11-11
WDC,"Western Digital Cp",39.75,2,+5.30%,39.99,37.86,3921500,2022-11-11
WEC,"Wisconsin Energy Corp",93.15,-1,-1.06%,94.09,92.4,2113800,2022-11-11
WELL,"Welltower Inc",71.58,1.52,+2.17%,71.73,70.31,3012000,2022-11-11
WFC,"Wells Fargo & Company",47.55,-0.40000000000001,-0.83%,48.36,47.33,18076500,2022-11-11
WHR,"Whirlpool Corp",156.58,6.93,+4.63%,157.5,149.32,944400,2022-11-11
WM,"Waste Management",158.16,-3.06,-1.90%,161.7,156.065,2357900,2022-11-11
WMB,"Williams Companies",34.08,0.46,+1.37%,34.24,33.555,5767600,2022-11-11
WMT,"Walmart Inc",142.58,0.22,+0.15%,143.12,139.99,6423600,2022-11-11
WRB,"W.R. Berkley Corp",69.77,-3.52,-4.80%,74.34,69.04,2759800,2022-11-11
WRK,"Westrock Company",37.66,0.70999999999999,+1.92%,38.26,36.8,4064300,2022-11-11
WST,"West Pharmaceutical Services",250.93,8.19,+3.37%,253.53,242.75,962800,2022-11-11
WTW,"Willis Towers Watson Public Ltd CO",233.89,1.77,+0.76%,234.59,229.95,795700,2022-11-11
WY,"Weyerhaeuser Company",33.09,0.23,+0.70%,33.4,32.845,2868800,2022-11-11
WYNN,"Wynn Resorts Ltd",77.98,5.98,+8.31%,78.83,74.76,6394400,2022-11-11
XEL,"XCEL Energy Inc",67.49,-1.62,-2.34%,68.94,66.84,5005200,2022-11-11
XOM,"Exxon Mobil Corp",113.95,3.45,+3.12%,114.5,112.49,20518800,2022-11-11
XRAY,"Dentsply Sirona Inc",32.05,1.77,+5.85%,32.28,30.33,4094400,2022-11-11
XYL,"Xylem Inc",111.2,-0.53999999999999,-0.48%,113.085,111.1,722500,2022-11-11
YUM,"Yum! Brands",123.33,-0.8,-0.64%,124.78,122.81,1870200,2022-11-11
ZBH,"Zimmer Biomet Holdings",115.56,2.66,+2.36%,115.97,113.085,1562100,2022-11-11
ZBRA,"Zebra Technologies",263.38,9.96,+3.93%,265.98,252.84,571600,2022-11-11
ZION,"Zions Bancorp",55.39,1.52,+2.82%,56.1,53.7,2324200,2022-11-11
ZTS,"Zoetis Inc Cl A",148.55,5.94,+4.17%,149.27,142.5,4129600,2022-11-11
"Downloaded from Barchart.com as of 11-12-2022 09:07pm CST"
